metric,pre,post_top2,post_top5,diff_top2,diff_top5
eu_mean,0.0691840797662735,0.07643374800682068,0.08855554461479187,0.007249663583934307,0.019371457397937775
eu_std,0.0855458527803421,0.08873456716537476,0.09367380291223526,0.03929765895009041,0.05546429380774498
acc,95.6,95.0,93.2,-0.5999999999999943,-2.3999999999999915
