pct_blurred,eu_mean,eu_std,acc
0,0.069676,0.085995,95.81
1,0.073813,0.088537,95.44
2,0.076737,0.089799,95.13
5,0.084856,0.093830,94.18
10,0.096752,0.099938,92.74
20,0.117872,0.108333,90.06
50,0.187747,0.124054,77.78
100,0.329646,0.091361,43.13
