pct_blurred,eu_mean,eu_std,acc
0,0.069184,0.085546,95.60
2,0.076434,0.088735,95.00
5,0.088556,0.093674,93.20
